pair,energy_bin,mass_gev,sigma,reading_error
p_pi0,0,1.0761,0.051,0.020
p_pi0,0,1.0824,0.036,0.020
p_pi0,0,1.0914,0.015,0.020
p_pi0,0,1.0970,-0.006,0.020
p_pi0,0,1.1033,-0.024,0.020
p_pi0,0,1.1089,-0.039,0.020
p_pi0,0,1.1152,-0.054,0.020
p_pi0,0,1.1236,-0.071,0.020
p_pi0,0,1.1299,-0.077,0.020
p_pi0,0,1.1417,-0.080,0.020
p_pi0,0,1.1473,-0.074,0.020
p_pi0,0,1.1564,-0.065,0.020
p_pi0,0,1.1655,-0.048,0.020
p_pi0,0,1.1717,-0.039,0.020
p_pi0,0,1.1773,-0.024,0.020
p_pi0,0,1.1836,-0.018,0.020
p_pi0,0,1.1892,-0.015,0.020
p_pi0,0,1.1955,-0.012,0.020
p_pi0,0,1.1983,-0.018,0.020
p_pi0,0,1.2011,-0.009,0.020
p_pi0,0,1.2073,0.000,0.020
p_pi0,0,1.2192,0.000,0.020
p_eta,0,1.4888,-0.452,0.020
p_eta,0,1.4951,-0.440,0.020
p_eta,0,1.5007,-0.422,0.020
p_eta,0,1.5070,-0.401,0.020
p_eta,0,1.5126,-0.375,0.020
p_eta,0,1.5189,-0.342,0.020
p_eta,0,1.5245,-0.300,0.020
p_eta,0,1.5308,-0.253,0.020
p_eta,0,1.5364,-0.196,0.020
p_eta,0,1.5427,-0.131,0.020
p_eta,0,1.5483,-0.059,0.020
p_eta,0,1.5545,0.009,0.020
p_eta,0,1.5601,0.074,0.020
p_eta,0,1.5664,0.119,0.020
p_eta,0,1.5720,0.134,0.020
p_eta,0,1.5811,0.107,0.020
p_eta,0,1.5874,0.065,0.020
p_eta,0,1.5930,0.021,0.020
p_eta,0,1.5993,-0.027,0.020
p_eta,0,1.6049,-0.074,0.020
p_eta,0,1.6112,-0.113,0.020
p_eta,0,1.6140,-0.116,0.020
p_eta,0,1.6168,-0.110,0.020
p_eta,0,1.6231,-0.086,0.020
p_eta,0,1.6287,-0.048,0.020
p_eta,0,1.6322,-0.027,0.020
eta_pi0,0,0.6859,0.015,0.020
eta_pi0,0,0.6887,-0.003,0.020
eta_pi0,0,0.6922,0.006,0.020
eta_pi0,0,0.6977,-0.009,0.020
eta_pi0,0,0.7040,-0.051,0.020
eta_pi0,0,0.7096,-0.098,0.020
eta_pi0,0,0.7159,-0.166,0.020
eta_pi0,0,0.7215,-0.199,0.020
eta_pi0,0,0.7277,-0.229,0.020
eta_pi0,0,0.7333,-0.238,0.020
eta_pi0,0,0.7396,-0.244,0.020
eta_pi0,0,0.7452,-0.235,0.020
eta_pi0,0,0.7515,-0.232,0.020
eta_pi0,0,0.7571,-0.211,0.020
eta_pi0,0,0.7633,-0.208,0.020
eta_pi0,0,0.7689,-0.199,0.020
eta_pi0,0,0.7752,-0.181,0.020
eta_pi0,0,0.7808,-0.164,0.020
eta_pi0,0,0.7871,-0.140,0.020
eta_pi0,0,0.7927,-0.104,0.020
eta_pi0,0,0.8080,-0.128,0.020
eta_pi0,0,0.8108,-0.122,0.020
eta_pi0,0,0.8164,-0.107,0.020
eta_pi0,0,0.8227,-0.080,0.020
eta_pi0,0,0.8255,-0.054,0.020
p_pi0,1,1.0775,-0.003,0.020
p_pi0,1,1.0852,0.003,0.020
p_pi0,1,1.0894,0.009,0.020
p_pi0,1,1.0977,0.003,0.020
p_pi0,1,1.1054,0.018,0.020
p_pi0,1,1.1138,0.036,0.020
p_pi0,1,1.1215,0.060,0.020
p_pi0,1,1.1299,0.065,0.020
p_pi0,1,1.1375,0.051,0.020
p_pi0,1,1.1459,0.018,0.020
p_pi0,1,1.1536,-0.027,0.020
p_pi0,1,1.1620,-0.068,0.020
p_pi0,1,1.1696,-0.098,0.020
p_pi0,1,1.1780,-0.110,0.020
p_pi0,1,1.1857,-0.107,0.020
p_pi0,1,1.1941,-0.092,0.020
p_pi0,1,1.2018,-0.071,0.020
p_pi0,1,1.2101,-0.051,0.020
p_pi0,1,1.2262,-0.012,0.020
p_pi0,1,1.2339,-0.003,0.020
p_pi0,1,1.2457,0.000,0.020
p_pi0,1,1.2618,0.012,0.020
p_pi0,1,1.2702,0.003,0.020
p_eta,1,1.4902,-0.458,0.020
p_eta,1,1.4979,-0.452,0.020
p_eta,1,1.5063,-0.437,0.020
p_eta,1,1.5224,-0.404,0.020
p_eta,1,1.5301,-0.384,0.020
p_eta,1,1.5385,-0.363,0.020
p_eta,1,1.5462,-0.345,0.020
p_eta,1,1.5580,-0.339,0.020
p_eta,1,1.5664,-0.354,0.020
p_eta,1,1.5748,-0.381,0.020
p_eta,1,1.5825,-0.413,0.020
p_eta,1,1.5944,-0.452,0.020
p_eta,1,1.6028,-0.467,0.020
p_eta,1,1.6147,-0.464,0.020
p_eta,1,1.6231,-0.455,0.020
p_eta,1,1.6308,-0.434,0.020
p_eta,1,1.6392,-0.404,0.020
p_eta,1,1.6469,-0.360,0.020
p_eta,1,1.6552,-0.312,0.020
p_eta,1,1.6713,-0.271,0.020
p_eta,1,1.6748,-0.220,0.020
eta_pi0,1,0.6873,-0.336,0.020
eta_pi0,1,0.6949,-0.351,0.020
eta_pi0,1,0.7068,-0.330,0.020
eta_pi0,1,0.7152,-0.315,0.020
eta_pi0,1,0.7229,-0.309,0.020
eta_pi0,1,0.7312,-0.297,0.020
eta_pi0,1,0.7389,-0.294,0.020
eta_pi0,1,0.7473,-0.306,0.020
eta_pi0,1,0.7550,-0.291,0.020
eta_pi0,1,0.7633,-0.283,0.020
eta_pi0,1,0.7710,-0.271,0.020
eta_pi0,1,0.7836,-0.247,0.020
eta_pi0,1,0.7913,-0.223,0.020
eta_pi0,1,0.7997,-0.208,0.020
eta_pi0,1,0.8073,-0.187,0.020
eta_pi0,1,0.8157,-0.178,0.020
eta_pi0,1,0.8234,-0.155,0.020
eta_pi0,1,0.8318,-0.116,0.020
eta_pi0,1,0.8394,-0.101,0.020
eta_pi0,1,0.8478,-0.089,0.020
eta_pi0,1,0.8520,-0.074,0.020
eta_pi0,1,0.8597,-0.086,0.020
eta_pi0,1,0.8715,-0.071,0.020
eta_pi0,1,0.8757,-0.059,0.020
p_pi0,2,1.0782,-0.039,0.020
p_pi0,2,1.0887,-0.059,0.020
p_pi0,2,1.0984,-0.062,0.020
p_pi0,2,1.1082,-0.057,0.020
p_pi0,2,1.1187,-0.048,0.020
p_pi0,2,1.1285,-0.042,0.020
p_pi0,2,1.1389,-0.027,0.020
p_pi0,2,1.1487,-0.006,0.020
p_pi0,2,1.1592,0.015,0.020
p_pi0,2,1.1690,0.018,0.020
p_pi0,2,1.1787,0.003,0.020
p_pi0,2,1.1892,-0.033,0.020
p_pi0,2,1.1990,-0.071,0.020
p_pi0,2,1.2094,-0.095,0.020
p_pi0,2,1.2192,-0.104,0.020
p_pi0,2,1.2290,-0.095,0.020
p_pi0,2,1.2395,-0.074,0.020
p_pi0,2,1.2492,-0.051,0.020
p_pi0,2,1.2597,-0.027,0.020
p_pi0,2,1.2695,-0.006,0.020
p_pi0,2,1.2799,0.009,0.020
p_pi0,2,1.2897,0.012,0.020
p_pi0,2,1.2946,0.009,0.020
p_pi0,2,1.2995,0.015,0.020
p_pi0,2,1.3099,0.021,0.020
p_pi0,2,1.3197,0.012,0.020
p_eta,2,1.4909,-0.413,0.020
p_eta,2,1.5014,-0.416,0.020
p_eta,2,1.5112,-0.413,0.020
p_eta,2,1.5210,-0.407,0.020
p_eta,2,1.5315,-0.402,0.020
p_eta,2,1.5413,-0.393,0.020
p_eta,2,1.5566,-0.396,0.020
p_eta,2,1.5664,-0.407,0.020
p_eta,2,1.5769,-0.428,0.020
p_eta,2,1.5867,-0.455,0.020
p_eta,2,1.5965,-0.479,0.020
p_eta,2,1.6070,-0.494,0.020
p_eta,2,1.6168,-0.509,0.020
p_eta,2,1.6322,-0.517,0.020
p_eta,2,1.6476,-0.514,0.020
p_eta,2,1.6574,-0.506,0.020
p_eta,2,1.6671,-0.485,0.020
p_eta,2,1.6776,-0.449,0.020
p_eta,2,1.6874,-0.399,0.020
p_eta,2,1.6979,-0.309,0.020
p_eta,2,1.7182,-0.208,0.020
p_eta,2,1.7280,-0.092,0.020
p_eta,2,1.7329,-0.045,0.020
eta_pi0,2,0.6880,-0.416,0.020
eta_pi0,2,0.6928,-0.354,0.020
eta_pi0,2,0.6977,-0.369,0.020
eta_pi0,2,0.7082,-0.384,0.020
eta_pi0,2,0.7229,-0.321,0.020
eta_pi0,2,0.7333,-0.283,0.020
eta_pi0,2,0.7431,-0.262,0.020
eta_pi0,2,0.7536,-0.223,0.020
eta_pi0,2,0.7682,-0.214,0.020
eta_pi0,2,0.7787,-0.208,0.020
eta_pi0,2,0.7885,-0.223,0.020
eta_pi0,2,0.7990,-0.199,0.020
eta_pi0,2,0.8038,-0.193,0.020
eta_pi0,2,0.8087,-0.199,0.020
eta_pi0,2,0.8185,-0.184,0.020
eta_pi0,2,0.8290,-0.155,0.020
eta_pi0,2,0.8388,-0.134,0.020
eta_pi0,2,0.8492,-0.119,0.020
eta_pi0,2,0.8541,-0.122,0.020
eta_pi0,2,0.8590,-0.116,0.020
eta_pi0,2,0.8695,-0.074,0.020
eta_pi0,2,0.8792,-0.062,0.020
eta_pi0,2,0.8890,-0.027,0.020
eta_pi0,2,0.8995,0.003,0.020
eta_pi0,2,0.9093,-0.015,0.020
eta_pi0,2,0.9197,0.024,0.020
eta_pi0,2,0.9246,0.027,0.020
p_pi0,3,1.0796,-0.036,0.020
p_pi0,3,1.0914,-0.059,0.020
p_pi0,3,1.1033,-0.092,0.020
p_pi0,3,1.1152,-0.110,0.020
p_pi0,3,1.1278,-0.104,0.020
p_pi0,3,1.1396,-0.092,0.020
p_pi0,3,1.1515,-0.077,0.020
p_pi0,3,1.1634,-0.065,0.020
p_pi0,3,1.1815,-0.041,0.020
p_pi0,3,1.1934,-0.030,0.020
p_pi0,3,1.2059,-0.036,0.020
p_pi0,3,1.2178,-0.056,0.020
p_pi0,3,1.2297,-0.086,0.020
p_pi0,3,1.2416,-0.110,0.020
p_pi0,3,1.2541,-0.119,0.020
p_pi0,3,1.2660,-0.110,0.020
p_pi0,3,1.2779,-0.092,0.020
p_pi0,3,1.2897,-0.065,0.020
p_pi0,3,1.3023,-0.036,0.020
p_pi0,3,1.3141,-0.012,0.020
p_pi0,3,1.3260,0.006,0.020
p_pi0,3,1.3379,0.015,0.020
p_pi0,3,1.3442,0.012,0.020
p_pi0,3,1.3504,0.015,0.020
p_pi0,3,1.3623,0.021,0.020
p_pi0,3,1.3686,0.015,0.020
p_eta,3,1.4923,-0.391,0.020
p_eta,3,1.5224,-0.397,0.020
p_eta,3,1.5343,-0.394,0.020
p_eta,3,1.5462,-0.391,0.020
p_eta,3,1.5580,-0.388,0.020
p_eta,3,1.5706,-0.397,0.020
p_eta,3,1.5825,-0.418,0.020
p_eta,3,1.5944,-0.441,0.020
p_eta,3,1.6063,-0.459,0.020
p_eta,3,1.6189,-0.474,0.020
p_eta,3,1.6308,-0.489,0.020
p_eta,3,1.6427,-0.498,0.020
p_eta,3,1.6546,-0.507,0.020
p_eta,3,1.6671,-0.513,0.020
p_eta,3,1.6790,-0.518,0.020
p_eta,3,1.6909,-0.513,0.020
p_eta,3,1.7028,-0.498,0.020
p_eta,3,1.7154,-0.471,0.020
p_eta,3,1.7273,-0.424,0.020
p_eta,3,1.7392,-0.353,0.020
p_eta,3,1.7510,-0.249,0.020
p_eta,3,1.7755,-0.098,0.020
p_eta,3,1.7818,-0.041,0.020
eta_pi0,3,0.6887,-0.450,0.020
eta_pi0,3,0.7012,-0.409,0.020
eta_pi0,3,0.7131,-0.353,0.020
eta_pi0,3,0.7249,-0.293,0.020
eta_pi0,3,0.7368,-0.243,0.020
eta_pi0,3,0.7494,-0.187,0.020
eta_pi0,3,0.7613,-0.163,0.020
eta_pi0,3,0.7794,-0.157,0.020
eta_pi0,3,0.7913,-0.151,0.020
eta_pi0,3,0.8031,-0.145,0.020
eta_pi0,3,0.8157,-0.151,0.020
eta_pi0,3,0.8276,-0.160,0.020
eta_pi0,3,0.8394,-0.151,0.020
eta_pi0,3,0.8576,-0.145,0.020
eta_pi0,3,0.8695,-0.119,0.020
eta_pi0,3,0.8813,-0.104,0.020
eta_pi0,3,0.8939,-0.077,0.020
eta_pi0,3,0.9058,-0.065,0.020
eta_pi0,3,0.9176,-0.036,0.020
eta_pi0,3,0.9295,-0.018,0.020
eta_pi0,3,0.9421,-0.021,0.020
eta_pi0,3,0.9539,-0.018,0.020
eta_pi0,3,0.9658,-0.027,0.020
eta_pi0,3,0.9721,-0.036,0.020
