figure,curve,x_gev,y,reading_error
12,fig12_contact,1.500,0.297139,0.020
12,fig12_contact,1.510,0.428195,0.020
12,fig12_contact,1.520,0.496830,0.020
12,fig12_contact,1.540,0.389690,0.020
12,fig12_contact,1.560,0.214552,0.020
12,fig12_external,1.500,0.594000,0.025
12,fig12_external,1.510,0.775442,0.025
12,fig12_external,1.520,0.801423,0.025
12,fig12_external,1.540,0.476823,0.025
12,fig12_external,1.560,0.192419,0.025
12,fig12_internal,1.500,0.088962,0.010
12,fig12_internal,1.510,0.123480,0.010
12,fig12_internal,1.520,0.139513,0.010
12,fig12_internal,1.540,0.106098,0.010
12,fig12_internal,1.560,0.056703,0.010
12,fig12_k_sigma,1.500,0.569513,0.025
12,fig12_k_sigma,1.510,0.715331,0.025
12,fig12_k_sigma,1.520,0.708984,0.025
12,fig12_k_sigma,1.540,0.375861,0.025
12,fig12_k_sigma,1.560,0.118057,0.025
13,fig13_delta1700,1.500,0.104031,0.004
13,fig13_delta1700,1.510,0.125496,0.004
13,fig13_delta1700,1.520,0.119943,0.004
13,fig13_delta1700,1.540,0.060292,0.004
13,fig13_delta1700,1.560,0.019437,0.004
13,fig13_nstar1520,1.500,0.003261,0.0005
13,fig13_nstar1520,1.510,0.003940,0.0005
13,fig13_nstar1520,1.520,0.003764,0.0005
13,fig13_nstar1520,1.540,0.001892,0.0005
13,fig13_nstar1520,1.560,0.000607,0.0005
13,fig13_delta_kr,1.500,0.079366,0.004
13,fig13_delta_kr,1.510,0.093639,0.004
13,fig13_delta_kr,1.520,0.087529,0.004
13,fig13_delta_kr,1.540,0.042066,0.004
13,fig13_delta_kr,1.560,0.012963,0.004
13,fig13_sigma_kr,1.500,0.087195,0.004
13,fig13_sigma_kr,1.510,0.104611,0.004
13,fig13_sigma_kr,1.520,0.098113,0.004
13,fig13_sigma_kr,1.540,0.044824,0.004
13,fig13_sigma_kr,1.560,0.011166,0.004
14,fig14_eta_delta,1.500,2.175789,0.15
14,fig14_eta_delta,1.510,3.220911,0.15
14,fig14_eta_delta,1.520,3.829819,0.15
14,fig14_eta_delta,1.540,3.189498,0.15
14,fig14_eta_delta,1.560,1.763129,0.15
14,fig14_full,1.500,57.626310,1.0
14,fig14_full,1.510,54.911172,1.0
14,fig14_full,1.520,39.940120,1.0
14,fig14_full,1.540,10.450583,1.0
14,fig14_full,1.560,1.817594,1.0
14,fig14_reduced,1.500,54.474126,1.0
14,fig14_reduced,1.510,56.663444,1.0
14,fig14_reduced,1.520,47.757688,1.0
14,fig14_reduced,1.540,17.072299,1.0
14,fig14_reduced,1.560,2.675696,1.0
