pair,energy_bin,mass_gev,sigma,stat_low,stat_high
p_pi0,0,1.1403,-0.0218,0.1664,0.1693
p_pi0,0,1.1801,-0.0248,0.0831,0.0802
p_pi0,0,1.2199,0.0169,0.0684,0.0683
p_eta,0,1.5000,-0.7020,0.0624,0.0624
p_eta,0,1.5399,-0.7020,0.0713,0.0683
p_eta,0,1.5797,-0.3722,0.1574,0.1544
eta_pi0,0,0.7005,-0.2773,0.1455,0.1456
eta_pi0,0,0.7403,-0.3604,0.0742,0.0772
eta_pi0,0,0.7801,-0.3039,0.0713,0.0742
p_pi0,1,1.1801,0.0376,0.0742,0.0743
p_pi0,1,1.2199,0.0465,0.0386,0.0416
p_pi0,1,1.2597,-0.0039,0.0386,0.0386
p_eta,1,1.5000,-0.5386,0.0416,0.0416
p_eta,1,1.5399,-0.5475,0.0327,0.0327
p_eta,1,1.5797,-0.4881,0.0505,0.0505
p_eta,1,1.6203,-0.4346,0.0980,0.0980
eta_pi0,1,0.7005,-0.2059,0.0980,0.1010
eta_pi0,1,0.7403,-0.2802,0.0564,0.0565
eta_pi0,1,0.7801,-0.2445,0.0446,0.0416
eta_pi0,1,0.8199,-0.2149,0.0416,0.0446
p_pi0,2,1.1403,0.2337,0.1604,0.1574
p_pi0,2,1.1801,0.1416,0.0712,0.0713
p_pi0,2,1.2199,0.0525,0.0386,0.0356
p_pi0,2,1.2597,0.0258,nan,nan
p_pi0,2,1.3002,0.0376,0.0356,0.0386
p_pi0,2,1.3400,0.0465,0.0713,0.0743
p_eta,2,1.5000,-0.4346,0.0446,0.0446
p_eta,2,1.5399,-0.4732,nan,nan
p_eta,2,1.5797,-0.4644,nan,nan
p_eta,2,1.6203,-0.3990,0.0416,0.0416
p_eta,2,1.6601,-0.2743,0.0742,0.0714
eta_pi0,2,0.7005,-0.1584,0.0831,0.0831
eta_pi0,2,0.7403,-0.2445,0.0475,0.0505
eta_pi0,2,0.7801,-0.2000,0.0386,0.0416
eta_pi0,2,0.8199,-0.1643,0.0357,0.0357
eta_pi0,2,0.8604,-0.0812,0.0386,0.0386
eta_pi0,2,0.9002,-0.0306,0.0536,0.0534
p_pi0,3,1.1403,0.3317,0.1693,0.0682
p_pi0,3,1.1801,0.2603,0.0831,0.0832
p_pi0,3,1.2199,0.1119,0.0446,0.0476
p_pi0,3,1.2597,0.0792,0.0357,0.0356
p_pi0,3,1.3002,0.0614,0.0386,0.0386
p_pi0,3,1.3400,0.0346,0.0505,0.0505
p_eta,3,1.5000,-0.3247,0.0624,0.0653
p_eta,3,1.5399,-0.3604,0.0416,0.0416
p_eta,3,1.5797,-0.3901,0.0356,0.0357
p_eta,3,1.6203,-0.4346,0.0386,0.0357
p_eta,3,1.6601,-0.3456,0.0475,0.0506
p_eta,3,1.7000,-0.2386,0.0802,0.0801
eta_pi0,3,0.6600,-0.2802,0.2554,0.2554
eta_pi0,3,0.7005,-0.1733,0.0921,0.0921
eta_pi0,3,0.7403,-0.1762,0.0595,0.0623
eta_pi0,3,0.7801,-0.1585,0.0505,0.0505
eta_pi0,3,0.8199,-0.0931,0.0446,0.0476
eta_pi0,3,0.8604,-0.0842,0.0416,0.0446
eta_pi0,3,0.9002,-0.0574,0.0446,0.0446
eta_pi0,3,0.9400,-0.0337,0.0594,0.0594
